"k","Score","Time (seconds)","Best Cluster (k)"
2,0.00728909791056908,16.4150000000009," "
3,0.00325450233909856,15.5780000000013,"BEST"
4,0.088563599756753,14.7339999999967," "
5,0.0977458482373348,14.0799999999945," "
6,0.0737200561339711,12.8759999999966," "
