"k","Score","Time (seconds)","Best Cluster (k)"
2,0.00680308552106157,28.8369999999995," "
3,0.00202686394569599,27.8719999999958,"BEST"
4,0.114661480454635,26.3119999999981," "
5,0.0856853430347025,24.4029999999984," "
6,0.0797402233002576,22.6389999999956," "
