"k","Score","Time (seconds)","Best Cluster (k)"
2,0.0608876585388458,8.785," "
3,0.202229013462503,8.30699999999999," "
4,0.0234277221614021,8.18000000000001,"BEST"
5,0.110689751030693,7.773," "
