"k","Score","Time (seconds)","Best Cluster (k)"
2,0.013714839056219,9.183,"BEST"
3,0.160138889396967,8.541," "
4,0.0525359073057625,8.034," "
5,0.0855136435544953,7.84299999999999," "
