"k","Score","Time (seconds)","Best Cluster (k)"
2,0.0381295732267602,9.05199999999999," "
3,0.0905372719588791,8.358," "
4,0.0348845569568653,8.07300000000001,"BEST"
5,0.100198828879219,7.655," "
