"k","Score","Time (seconds)","Best Cluster (k)"
2,0.325980376443189,10.6110000000044," "
3,0.178249813822583,9.24100000000908," "
4,0.00503804099499153,8.65499999999884,"BEST"
5,0.0538675485413638,7.82700000000477," "
