"k","Score","Time (seconds)","Best Cluster (k)"
2,0.0178619751921489,9.17299999999523," "
3,0.00194981790791969,8.67500000000291,"BEST"
4,0.0741116718330813,9.55100000000675," "
5,0.141935475096226,7.55400000000373," "
