"k","Score","Time (seconds)","Best Cluster (k)"
2,0.264198636651,11.1750000000029," "
3,0.0104140487284346,9.68100000001141,"BEST"
4,0.0804693120166739,8.40400000000955," "
5,0.130735538247239,7.71500000001106," "
