"k","Score","Time (seconds)","Best Cluster (k)"
2,0.322399470650713,9.09799999999814," "
3,0.0991557243896213,9.80400000000373," "
4,0.00516529200446683,8.79499999999825,"BEST"
5,0.0514357128055899,8.34900000000198," "
