"k","Score","Time (seconds)","Best Cluster (k)"
2,0.323408523907694,9.58099999999104," "
3,0.173872725186493,8.7329999999929," "
4,0.0012371007954879,8.67600000000675,"BEST"
5,0.0455508449727012,7.73399999999674," "
