"k","Score","Time (seconds)","Best Cluster (k)"
2,0.243676537488982,9.9490000000078," "
3,0.000270512400375126,9.33200000000943,"BEST"
4,0.0710645053614056,8.62600000000384," "
5,0.140816150040728,7.72000000000116," "
