"k","Score","Time (seconds)","Best Cluster (k)"
2,0.233603549079582,4.37700000000768," "
3,0.00580909716084227,3.54899999999907,"BEST"
4,0.0879814316041703,3.50800000000163," "
5,0.113336543201352,3.4769999999844," "
