"k","Score","Time (seconds)","Best Cluster (k)"
2,0.120684868145778,36.8499999999767," "
3,0.000321473273003991,37.0950000000012,"BEST"
4,0.078489811686734,34.0879999999888," "
5,0.121409676013311,33.252999999997," "
