"k","Score","Time (seconds)","Best Cluster (k)"
2,0.145362180374043,408.302999999985," "
3,0.00181202892760379,412.075000000012,"BEST"
4,0.0918378292080202,378.731," "
5,0.103153378992385,345.661999999982," "
