"k","Score","Time (seconds)","Best Cluster (k)"
2,0.264198636651,10.2739999999758," "
3,0.0104140487284346,10.5160000000033,"BEST"
4,0.0804693120166739,10.1430000000109," "
5,0.130735538247239,8.0109999999986," "
