"k","Score","Time (seconds)","Best Cluster (k)"
2,0.254916120595578,10.2239999999874," "
3,0.00170104117596038,10.2680000000109,"BEST"
4,0.0584914615357253,9.85099999999511," "
5,0.127406385899827,9.612999999983," "
