"k","Score","Time (seconds)","Best Cluster (k)"
2,0.344352625557372,37.1639999999898," "
3,0.0684339502080778,37.890000000014," "
4,0.00701088734015447,34.2989999999991,"BEST"
5,0.078605548599143,31.8770000000077," "
