"k","Score","Time (seconds)","Best Cluster (k)"
2,0.0278870016590356,39.6849999999977," "
3,0.00675626483426556,36.3150000000023,"BEST"
4,0.115226678765721,34.4400000000023," "
5,0.124457630493476,31.1050000000105," "
