"k","Score","Time (seconds)","Best Cluster (k)"
2,0.0729551182969102,38.9349999999977," "
3,0.177232417878124,36.4029999999912," "
4,0.020939106644629,37.5869999999995,"BEST"
5,0.116878945376148,32.8669999999984," "
