"k","Score","Time (seconds)","Best Cluster (k)"
2,0.132475315865773,4.8190000000177," "
3,0.0626610647628844,4.17600000003586,"BEST"
4,0.0766289248482038,3.77600000001257," "
5,0.117961758742872,3.96899999998277," "
