"k","Score","Time (seconds)","Best Cluster (k)"
2,0.0278870016590356,42.1060000000289," "
3,0.00675626483426556,42.5059999999939,"BEST"
4,0.115226678765721,45.9799999999814," "
5,0.124457630493476,32.7179999999935," "
