"k","Score","Time (seconds)","Best Cluster (k)"
2,0.132475315865773,4.80799999996088," "
3,0.0626610647628844,3.89100000000326,"BEST"
4,0.0766289248482038,3.61700000002747," "
5,0.117961758742872,3.56099999998696," "
