"k","Score","Time (seconds)","Best Cluster (k)"
2,0.0583020654686648,443.288," "
3,0.00147338634877636,457.587,"BEST"
4,0.104325071504323,417.514999999956," "
5,0.120755952428862,356.14599999995," "
