"k","Score","Time (seconds)","Best Cluster (k)"
2,0.0121905397613542,42.7639999999665," "
3,0.00415762428331174,41.0660000000498,"BEST"
4,0.117726553013498,40.4469999999856," "
5,0.125500981534395,31.8470000000088," "
