"k","Score","Time (seconds)","Best Cluster (k)"
2,0.120684868145778,39.0249999999651," "
3,0.000321473273003991,38.1970000000438,"BEST"
4,0.078489811686734,39.4029999999912," "
5,0.121409676013311,40.6080000000075," "
