"k","Score","Time (seconds)","Best Cluster (k)"
2,0.0278870016590356,43.2669999999925," "
3,0.00675626483426556,43.5949999999721,"BEST"
4,0.115226678765721,43.4989999999525," "
5,0.124457630493476,38.6830000000191," "
