"k","Score","Time (seconds)","Best Cluster (k)"
2,0.308540773823622,48.9550000000163," "
3,0.00177332323725359,42.4750000000349,"BEST"
4,0.0647891015297198,36.9679999999935," "
5,0.125433904591689,32.3099999999977," "
