"k","score","time","best_clust"
2,540.529069035667,145.226000000024,"BEST"
3,6754.89877521334,144.673999999999,""
4,11394.1794824707,135.888999999996,""
5,5684.0161552907,126.975999999995,""
