"k","score","time","best_clust"
2,234.665148386645,137.014,"BEST"
3,1795.91094574851,139.887,""
4,11562.0801357588,130.85,""
5,4420.96528459557,140.277,""
