"k","Score","Time (seconds)","Best Cluster (k)"
2,0.264198636651,10.2510000000184," "
3,0.0104140487284346,9.08299999998417,"BEST"
4,0.0804693120166739,8.68400000000838," "
5,0.130735538247239,8.19000000000233," "
