"k","Score","Time (seconds)","Best Cluster (k)"
2,0.013714839056219,9.23800000001211,"BEST"
3,0.160138889396967,8.49599999998463," "
4,0.0525359073057625,8.77699999997276," "
5,0.0855136435544953,7.74400000000605," "
