"k","Score","Time (seconds)","Best Cluster (k)"
2,0.325980376443189,9.91399999998976," "
3,0.178249813822583,9.05899999997928," "
4,0.00503804099499153,9.2730000000156,"BEST"
5,0.0538675485413638,8.55199999999604," "
