"k","Score","Time (seconds)","Best Cluster (k)"
2,0.264198636651,8.89999999999418," "
3,0.0104140487284346,8.73999999999069,"BEST"
4,0.0804693120166739,8.2039999999979," "
5,0.130735538247239,7.66099999999278," "
