"k","Score","Time (seconds)","Best Cluster (k)"
2,0.067749907696998,10.31700000001," "
3,0.00972270012521112,9.65200000000186,"BEST"
4,0.076700070736562,9.59700000000885," "
5,0.120973188459438,8.88899999999558," "
