"k","Score","Time (seconds)","Best Cluster (k)"
2,0.0350468385661992,9.8179999999993," "
3,0.0211252803341805,9.57500000001164,"BEST"
4,0.0811224067465007,9.45599999997648," "
5,0.113260331762044,9.29699999999139," "
