"k","Score","Time (seconds)","Best Cluster (k)"
2,0.0564563123336412,17.8919999999925," "
3,0.143922393196027,17.1870000000054," "
4,0.00477354216120984,17.881000000023,"BEST"
5,0.067060685572138,16.4759999999951," "
