"k","Score","Time (seconds)","Best Cluster (k)"
2,0.0325919653799846,9.41800000000512,"BEST"
3,0.100154649850724,9.58800000004703," "
4,0.0363513330763453,9.91399999998976," "
5,0.0945877660534407,8.90499999996973," "
