"k","Score","Time (seconds)","Best Cluster (k)"
2,0.114241408477604,10.4060000000172," "
3,0.0102240118691667,10.5119999999879,"BEST"
4,0.0832697708622202,9.5229999999865," "
5,0.112275401595019,8.4879999999539," "
