"k","Score","Time (seconds)","Best Cluster (k)"
2,0.0174397701205883,17.4880000000121,"BEST"
3,0.164161042556543,16.362999999983," "
4,0.0229146757654491,15.497000000003," "
5,0.110885770331298,14.9199999999837," "
