"k","Score","Time (seconds)","Best Cluster (k)"
2,0.0158549303620002,19.4210000000021," "
3,0.0125994042074522,16.9429999999993,"BEST"
4,0.0774316262509912,15.5169999999925," "
5,0.102705570694462,14.8809999999939," "
