"k","Score","Time (seconds)","Best Cluster (k)"
2,0.145392834582662,4.50599999999395," "
3,0.0117624846758195,4.0339999999851,"BEST"
4,0.0960910477322139,3.85300000000279," "
5,0.100690377694927,3.72800000000279," "
