"k","Score","Time (seconds)","Best Cluster (k)"
2,0.0166873857251976,11.1239999999525,"BEST"
3,0.0182147093494478,9.44199999998091," "
4,0.0838434761598903,8.45700000005309," "
5,0.114798291119818,8.58600000001024," "
