"k","Score","Time (seconds)","Best Cluster (k)"
2,0.265848252805415,41.695000000007," "
3,0.00702282089827104,42.5979999999981,"BEST"
4,0.0774929618133005,40.00900000002," "
5,0.11177481117613,36.0900000000256," "
