"k","Score","Time (seconds)","Best Cluster (k)"
2,0.124491950654221,419.179999999993," "
3,0.000848775435411023,417.581000000006,"BEST"
4,0.0842658777422256,384.614999999991," "
5,0.104388140174172,359.63400000002," "
