"k","Score","Time (seconds)","Best Cluster (k)"
2,0.000158092821818633,21.969000000001,"BEST"
3,0.000259367452638264,44.6440000000002," "
4,0.0941276399555771,21.4629999999997," "
5,0.102200527626243,20.9079999999994," "
