"k","score","time","best_clust"
2,479.555034380959,242.106,"BEST"
3,6395.59565340243,230.22199999998,""
4,10238.5028522632,218.90300000002,""
5,6188.89615229307,189.576000000001,""
