"k","score","time","best_clust"
2,0.00535044859228822,160.936,"BEST"
3,0.0668636354883688,156.253000000001,""
4,0.112785740979655,140.511999999999,""
5,0.0562634610768499,133.156000000001,""
