"k","score","time","best_clust"
2,0.00474689467340957,239.465,"BEST"
3,0.0633070591774627,233.478999999999,""
4,0.101346229668542,217.861000000001,""
5,0.0612610359049256,195.546999999999,""
