"k","score","time","best_clust"
2,0.00732,48.2519999999986,""
3,0.00484,44.491,"BEST"
4,0.12603,41.0969999999998,""
5,0.09321,38.8310000000001,""
6,0.09373,35.3019999999997,""
