"k","Score","Time (seconds)","Best Cluster (k)"
2,0.00731998643326552,52.255," "
3,0.00483505169703934,48.618,"BEST"
4,0.126032053481844,46.879," "
5,0.0932064877726427,42.886," "
6,0.0937262086054684,36.619," "
